,precision,recall,f1-score,support
Authentic,0.7816091954022989,0.8717948717948718,0.8242424242424242,78.0
AI,0.8591549295774648,0.7625,0.8079470198675497,80.0
accuracy,0.8164556962025317,0.8164556962025317,0.8164556962025317,0.8164556962025317
macro avg,0.8203820624898819,0.8171474358974359,0.816094722054987,158.0
weighted avg,0.8208728582758006,0.8164556962025317,0.81599158658426,158.0
